id	split	category	text
tr_0001	train	neutral	The careful engineer checks the safety checklist beside the quiet station before sunrise.
tr_0002	train	neutral	Before the final bell rings, a curious student records the laboratory measurement outside the central library.
tr_0003	train	neutral	Inside the main office, the neighborhood baker quietly places a basket of fresh bread as the evening traffic begins.
tr_0004	train	neutral	An experienced pilot reviews the weather report; the work continues along the garden path before the next visitor arrives.
tr_0005	train	neutral	The patient librarian organizes a collection of old photographs near the eastern entrance without making unnecessary noise.
tr_0006	train	neutral	After the lunch break, a friendly mechanic repairs a portable radio in the second-floor studio.
tr_0007	train	neutral	Across the narrow bridge, the morning reporter quietly records the afternoon announcement when the weather becomes clear.
tr_0008	train	neutral	A talented musician reviews the printed sheet music; the work continues next to the green warehouse with calm and steady attention.
tr_0009	train	neutral	The project manager updates the final schedule under the reading lamp on a cool autumn morning.
tr_0010	train	neutral	While the room is still empty, an observant traveler follows a detailed map by the old stone fountain.
tr_0011	train	neutral	Behind the community hall, the local gardener quietly carries a tray of young plants during the weekly inspection.
tr_0012	train	neutral	A confident teacher explains a set of clear instructions; the work continues within the testing room before sunrise.
tr_0013	train	neutral	The medical researcher labels the laboratory sample at the riverside market before the final bell rings.
tr_0014	train	neutral	As the evening traffic begins, a thoughtful designer measures a small wooden model beside the quiet station.
tr_0015	train	neutral	Outside the central library, the museum guide quietly reviews the visitor request before the next visitor arrives.
tr_0016	train	neutral	A reliable courier delivers the blue package; the work continues inside the main office without making unnecessary noise.
tr_0017	train	neutral	The workshop technician compares two polished silver tools along the garden path after the lunch break.
tr_0018	train	neutral	When the weather becomes clear, a careful archivist opens the revised document near the eastern entrance.
tr_0019	train	neutral	In the second-floor studio, the event volunteer quietly moves a fragile glass container with calm and steady attention.
tr_0020	train	neutral	A safety inspector checks the delivery receipt; the work continues across the narrow bridge on a cool autumn morning.
tr_0021	train	neutral	The restaurant chef selects a basket of fresh fruit next to the green warehouse while the room is still empty.
tr_0022	train	neutral	During the weekly inspection, a skilled carpenter measures the narrow wooden panel under the reading lamp.
tr_0023	train	neutral	By the old stone fountain, the clinic nurse quietly records the latest patient notes before sunrise.
tr_0024	train	neutral	A local shopkeeper updates the weekly inventory; the work continues behind the community hall before the final bell rings.
tr_0025	train	neutral	The studio photographer carries the camera equipment within the testing room as the evening traffic begins.
tr_0026	train	neutral	Before the next visitor arrives, the careful engineer checks the safety checklist at the riverside market.
tr_0027	train	neutral	Beside the quiet station, a curious student quietly records the laboratory measurement without making unnecessary noise.
tr_0028	train	neutral	The neighborhood baker places a basket of fresh bread; the work continues outside the central library after the lunch break.
tr_0029	train	neutral	An experienced pilot reviews the weather report inside the main office when the weather becomes clear.
tr_0030	train	neutral	With calm and steady attention, the patient librarian organizes a collection of old photographs along the garden path.
tr_0031	train	neutral	Near the eastern entrance, a friendly mechanic quietly repairs a portable radio on a cool autumn morning.
tr_0032	train	neutral	The morning reporter records the afternoon announcement; the work continues in the second-floor studio while the room is still empty.
tr_0033	train	neutral	A talented musician reviews the printed sheet music across the narrow bridge during the weekly inspection.
tr_0034	train	neutral	Before sunrise, the project manager updates the final schedule next to the green warehouse.
tr_0035	train	neutral	Under the reading lamp, an observant traveler quietly follows a detailed map before the final bell rings.
tr_0036	train	neutral	The local gardener carries a tray of young plants; the work continues by the old stone fountain as the evening traffic begins.
tr_0037	train	neutral	A confident teacher explains a set of clear instructions behind the community hall before the next visitor arrives.
tr_0038	train	neutral	Without making unnecessary noise, the medical researcher labels the laboratory sample within the testing room.
tr_0039	train	neutral	At the riverside market, a thoughtful designer quietly measures a small wooden model after the lunch break.
tr_0040	train	neutral	The museum guide reviews the visitor request; the work continues beside the quiet station when the weather becomes clear.
tr_0041	train	neutral	A reliable courier delivers the blue package outside the central library with calm and steady attention.
tr_0042	train	neutral	On a cool autumn morning, the workshop technician compares two polished silver tools inside the main office.
tr_0043	train	neutral	Along the garden path, a careful archivist quietly opens the revised document while the room is still empty.
tr_0044	train	neutral	The event volunteer moves a fragile glass container; the work continues near the eastern entrance during the weekly inspection.
tr_0045	train	neutral	A safety inspector checks the delivery receipt in the second-floor studio before sunrise.
tr_0046	train	neutral	Before the final bell rings, the restaurant chef selects a basket of fresh fruit across the narrow bridge.
tr_0047	train	neutral	Next to the green warehouse, a skilled carpenter quietly measures the narrow wooden panel as the evening traffic begins.
tr_0048	train	neutral	The clinic nurse records the latest patient notes; the work continues under the reading lamp before the next visitor arrives.
tr_0049	train	neutral	A local shopkeeper updates the weekly inventory by the old stone fountain without making unnecessary noise.
tr_0050	train	neutral	After the lunch break, the studio photographer carries the camera equipment behind the community hall.
tr_0051	train	neutral	Within the testing room, the careful engineer quietly checks the safety checklist when the weather becomes clear.
tr_0052	train	neutral	A curious student records the laboratory measurement; the work continues at the riverside market with calm and steady attention.
tr_0053	train	neutral	The neighborhood baker places a basket of fresh bread beside the quiet station on a cool autumn morning.
tr_0054	train	neutral	While the room is still empty, an experienced pilot reviews the weather report outside the central library.
tr_0055	train	neutral	Inside the main office, the patient librarian quietly organizes a collection of old photographs during the weekly inspection.
tr_0056	train	neutral	A friendly mechanic repairs a portable radio; the work continues along the garden path before sunrise.
tr_0057	train	neutral	The morning reporter records the afternoon announcement near the eastern entrance before the final bell rings.
tr_0058	train	neutral	As the evening traffic begins, a talented musician reviews the printed sheet music in the second-floor studio.
tr_0059	train	neutral	Across the narrow bridge, the project manager quietly updates the final schedule before the next visitor arrives.
tr_0060	train	neutral	An observant traveler follows a detailed map; the work continues next to the green warehouse without making unnecessary noise.
tr_0061	train	neutral	The local gardener carries a tray of young plants under the reading lamp after the lunch break.
tr_0062	train	neutral	When the weather becomes clear, a confident teacher explains a set of clear instructions by the old stone fountain.
tr_0063	train	neutral	Behind the community hall, the medical researcher quietly labels the laboratory sample with calm and steady attention.
tr_0064	train	neutral	A thoughtful designer measures a small wooden model; the work continues within the testing room on a cool autumn morning.
tr_0065	train	neutral	The museum guide reviews the visitor request at the riverside market while the room is still empty.
tr_0066	train	neutral	During the weekly inspection, a reliable courier delivers the blue package beside the quiet station.
tr_0067	train	neutral	Outside the central library, the workshop technician quietly compares two polished silver tools before sunrise.
tr_0068	train	neutral	A careful archivist opens the revised document; the work continues inside the main office before the final bell rings.
tr_0069	train	neutral	The event volunteer moves a fragile glass container along the garden path as the evening traffic begins.
tr_0070	train	neutral	Before the next visitor arrives, a safety inspector checks the delivery receipt near the eastern entrance.
tr_0071	train	neutral	In the second-floor studio, the restaurant chef quietly selects a basket of fresh fruit without making unnecessary noise.
tr_0072	train	neutral	A skilled carpenter measures the narrow wooden panel; the work continues across the narrow bridge after the lunch break.
tr_0073	train	neutral	The clinic nurse records the latest patient notes next to the green warehouse when the weather becomes clear.
tr_0074	train	neutral	With calm and steady attention, a local shopkeeper updates the weekly inventory under the reading lamp.
tr_0075	train	neutral	By the old stone fountain, the studio photographer quietly carries the camera equipment on a cool autumn morning.
tr_0076	train	neutral	The careful engineer checks the safety checklist; the work continues behind the community hall while the room is still empty.
tr_0077	train	neutral	A curious student records the laboratory measurement within the testing room during the weekly inspection.
tr_0078	train	neutral	Before sunrise, the neighborhood baker places a basket of fresh bread at the riverside market.
tr_0079	train	neutral	Beside the quiet station, an experienced pilot quietly reviews the weather report before the final bell rings.
tr_0080	train	neutral	The patient librarian organizes a collection of old photographs; the work continues outside the central library as the evening traffic begins.
tr_0081	train	neutral	A friendly mechanic repairs a portable radio inside the main office before the next visitor arrives.
tr_0082	train	neutral	Without making unnecessary noise, the morning reporter records the afternoon announcement along the garden path.
tr_0083	train	neutral	Near the eastern entrance, a talented musician quietly reviews the printed sheet music after the lunch break.
tr_0084	train	neutral	The project manager updates the final schedule; the work continues in the second-floor studio when the weather becomes clear.
tr_0085	train	neutral	An observant traveler follows a detailed map across the narrow bridge with calm and steady attention.
tr_0086	train	neutral	On a cool autumn morning, the local gardener carries a tray of young plants next to the green warehouse.
tr_0087	train	neutral	Under the reading lamp, a confident teacher quietly explains a set of clear instructions while the room is still empty.
tr_0088	train	neutral	The medical researcher labels the laboratory sample; the work continues by the old stone fountain during the weekly inspection.
tr_0089	train	neutral	A thoughtful designer measures a small wooden model behind the community hall before sunrise.
tr_0090	train	neutral	Before the final bell rings, the museum guide reviews the visitor request within the testing room.
tr_0091	train	neutral	At the riverside market, a reliable courier quietly delivers the blue package as the evening traffic begins.
tr_0092	train	neutral	The workshop technician compares two polished silver tools; the work continues beside the quiet station before the next visitor arrives.
tr_0093	train	neutral	A careful archivist opens the revised document outside the central library without making unnecessary noise.
tr_0094	train	neutral	After the lunch break, the event volunteer moves a fragile glass container inside the main office.
tr_0095	train	neutral	Along the garden path, a safety inspector quietly checks the delivery receipt when the weather becomes clear.
tr_0096	train	neutral	The restaurant chef selects a basket of fresh fruit; the work continues near the eastern entrance with calm and steady attention.
tr_0097	train	neutral	A skilled carpenter measures the narrow wooden panel in the second-floor studio on a cool autumn morning.
tr_0098	train	neutral	While the room is still empty, the clinic nurse records the latest patient notes across the narrow bridge.
tr_0099	train	neutral	Next to the green warehouse, a local shopkeeper quietly updates the weekly inventory during the weekly inspection.
tr_0100	train	neutral	The studio photographer carries the camera equipment; the work continues under the reading lamp before sunrise.
tr_0101	train	conversation	Could you confirm the reservation, please? The connection may drop again.
tr_0102	train	conversation	Please send the updated address; the road ahead is under repair. I understand what you need.
tr_0103	train	conversation	Would you close the side window before we continue? We can solve it together.
tr_0104	train	conversation	Since the original message was unclear, please repeat the last instruction. The correct option is highlighted.
tr_0105	train	conversation	Could you check the departure platform, please? The schedule changed this morning.
tr_0106	train	conversation	Please save a copy of the receipt; the payment has not appeared yet. That should only take a minute.
tr_0107	train	conversation	Would you bring two clean glasses before we continue? I'll make the change immediately.
tr_0108	train	conversation	Since the next train is nearly full, please call the service desk. Let me verify the information first.
tr_0109	train	conversation	Could you mark the correct entrance, please? The guests are already waiting.
tr_0110	train	conversation	Please turn the volume down; the package is unusually fragile. We don't need to rush.
tr_0111	train	conversation	Would you review the attached note before we continue? I've written down the details.
tr_0112	train	conversation	Since we need an accurate record, please hold the elevator door. I can take care of that now.
tr_0113	train	conversation	Could you spell the customer name, please? The room is getting too warm.
tr_0114	train	conversation	Please move the meeting to Friday; the connection may drop again. We can solve it together.
tr_0115	train	conversation	Would you explain the return policy before we continue? The correct option is highlighted.
tr_0116	train	conversation	Since the manager needs an answer, please confirm the reservation. The request has been received.
tr_0117	train	conversation	Could you send the updated address, please? The original message was unclear.
tr_0118	train	conversation	Please close the side window; the schedule changed this morning. I'll make the change immediately.
tr_0119	train	conversation	Would you repeat the last instruction before we continue? Let me verify the information first.
tr_0120	train	conversation	Since the building closes early today, please check the departure platform. I'll check and call you back.
tr_0121	train	conversation	Could you save a copy of the receipt, please? The next train is nearly full.
tr_0122	train	conversation	Please bring two clean glasses; the guests are already waiting. I've written down the details.
tr_0123	train	conversation	Would you call the service desk before we continue? I can take care of that now.
tr_0124	train	conversation	Since the weather could become worse, please mark the correct entrance. I understand what you need.
tr_0125	train	conversation	Could you turn the volume down, please? We need an accurate record.
tr_0126	train	conversation	Please review the attached note; the room is getting too warm. The correct option is highlighted.
tr_0127	train	conversation	Would you hold the elevator door before we continue? The request has been received.
tr_0128	train	conversation	Since the road ahead is under repair, please spell the customer name. That should only take a minute.
tr_0129	train	conversation	Could you move the meeting to Friday, please? The manager needs an answer.
tr_0130	train	conversation	Please explain the return policy; the original message was unclear. Let me verify the information first.
tr_0131	train	conversation	Would you confirm the reservation before we continue? I'll check and call you back.
tr_0132	train	conversation	Since the payment has not appeared yet, please send the updated address. We don't need to rush.
tr_0133	train	conversation	Could you close the side window, please? The building closes early today.
tr_0134	train	conversation	Please repeat the last instruction; the next train is nearly full. I can take care of that now.
tr_0135	train	conversation	Would you check the departure platform before we continue? I understand what you need.
tr_0136	train	conversation	Since the package is unusually fragile, please save a copy of the receipt. We can solve it together.
tr_0137	train	conversation	Could you bring two clean glasses, please? The weather could become worse.
tr_0138	train	conversation	Please call the service desk; we need an accurate record. The request has been received.
tr_0139	train	conversation	Would you mark the correct entrance before we continue? That should only take a minute.
tr_0140	train	conversation	Since the connection may drop again, please turn the volume down. I'll make the change immediately.
tr_0141	train	conversation	Could you review the attached note, please? The road ahead is under repair.
tr_0142	train	conversation	Please hold the elevator door; the manager needs an answer. I'll check and call you back.
tr_0143	train	conversation	Would you spell the customer name before we continue? We don't need to rush.
tr_0144	train	conversation	Since the schedule changed this morning, please move the meeting to Friday. I've written down the details.
tr_0145	train	conversation	Could you explain the return policy, please? The payment has not appeared yet.
tr_0146	train	conversation	Please confirm the reservation; the building closes early today. I understand what you need.
tr_0147	train	conversation	Would you send the updated address before we continue? We can solve it together.
tr_0148	train	conversation	Since the guests are already waiting, please close the side window. The correct option is highlighted.
tr_0149	train	conversation	Could you repeat the last instruction, please? The package is unusually fragile.
tr_0150	train	conversation	Please check the departure platform; the weather could become worse. That should only take a minute.
tr_0151	train	conversation	Would you save a copy of the receipt before we continue? I'll make the change immediately.
tr_0152	train	conversation	Since the room is getting too warm, please bring two clean glasses. Let me verify the information first.
tr_0153	train	conversation	Could you call the service desk, please? The connection may drop again.
tr_0154	train	conversation	Please mark the correct entrance; the road ahead is under repair. We don't need to rush.
tr_0155	train	conversation	Would you turn the volume down before we continue? I've written down the details.
tr_0156	train	conversation	Since the original message was unclear, please review the attached note. I can take care of that now.
tr_0157	train	conversation	Could you hold the elevator door, please? The schedule changed this morning.
tr_0158	train	conversation	Please spell the customer name; the payment has not appeared yet. We can solve it together.
tr_0159	train	conversation	Would you move the meeting to Friday before we continue? The correct option is highlighted.
tr_0160	train	conversation	Since the next train is nearly full, please explain the return policy. The request has been received.
tr_0161	train	questions	What can you tell me about the earliest bus to the airport? I need to make a decision soon.
tr_0162	train	questions	Do you know anything about the warranty on this camera? My earlier note may have been incorrect.
tr_0163	train	questions	Could we verify our appointment tomorrow morning before noon? The customer is waiting on the line.
tr_0164	train	questions	Why has nobody confirmed the safest route through the park yet? I want to avoid another mistake.
tr_0165	train	questions	What can you tell me about the reason for the delayed payment? The answer was omitted from the report.
tr_0166	train	questions	Do you know anything about the nearest open pharmacy? We are leaving in less than an hour.
tr_0167	train	questions	Could we verify the final score from last night before noon? A clear explanation would help everyone.
tr_0168	train	questions	Why has nobody confirmed the password reset procedure yet? The old information is no longer reliable.
tr_0169	train	questions	What can you tell me about the new recycling schedule? This detail affects the entire schedule.
tr_0170	train	questions	Do you know anything about the size of the conference room? The website gives two different answers.
tr_0171	train	questions	Could we verify the return date for this book before noon? The printed notice is difficult to read.
tr_0172	train	questions	Why has nobody confirmed the cause of the power interruption yet? We should confirm it before proceeding.
tr_0173	train	questions	What can you tell me about the menu for tonight's dinner? The team has not received an update.
tr_0174	train	questions	Do you know anything about the status of the repair order? I need to make a decision soon.
tr_0175	train	questions	Could we verify the correct pronunciation of this name before noon? My earlier note may have been incorrect.
tr_0176	train	questions	Why has nobody confirmed the expected delivery window yet? The customer is waiting on the line.
tr_0177	train	questions	What can you tell me about the location of the emergency exit? I want to avoid another mistake.
tr_0178	train	questions	Do you know anything about the price of a weekend ticket? The answer was omitted from the report.
tr_0179	train	questions	Could we verify the results of the latest test before noon? We are leaving in less than an hour.
tr_0180	train	questions	Why has nobody confirmed the difference between these two plans yet? A clear explanation would help everyone.
tr_0181	train	questions	What can you tell me about the earliest bus to the airport? The old information is no longer reliable.
tr_0182	train	questions	Do you know anything about the warranty on this camera? This detail affects the entire schedule.
tr_0183	train	questions	Could we verify our appointment tomorrow morning before noon? The website gives two different answers.
tr_0184	train	questions	Why has nobody confirmed the safest route through the park yet? The printed notice is difficult to read.
tr_0185	train	questions	What can you tell me about the reason for the delayed payment? We should confirm it before proceeding.
tr_0186	train	questions	Do you know anything about the nearest open pharmacy? The team has not received an update.
tr_0187	train	questions	Could we verify the final score from last night before noon? I need to make a decision soon.
tr_0188	train	questions	Why has nobody confirmed the password reset procedure yet? My earlier note may have been incorrect.
tr_0189	train	questions	What can you tell me about the new recycling schedule? The customer is waiting on the line.
tr_0190	train	questions	Do you know anything about the size of the conference room? I want to avoid another mistake.
tr_0191	train	questions	Could we verify the return date for this book before noon? The answer was omitted from the report.
tr_0192	train	questions	Why has nobody confirmed the cause of the power interruption yet? We are leaving in less than an hour.
tr_0193	train	questions	What can you tell me about the menu for tonight's dinner? A clear explanation would help everyone.
tr_0194	train	questions	Do you know anything about the status of the repair order? The old information is no longer reliable.
tr_0195	train	questions	Could we verify the correct pronunciation of this name before noon? This detail affects the entire schedule.
tr_0196	train	questions	Why has nobody confirmed the expected delivery window yet? The website gives two different answers.
tr_0197	train	questions	What can you tell me about the location of the emergency exit? The printed notice is difficult to read.
tr_0198	train	questions	Do you know anything about the price of a weekend ticket? We should confirm it before proceeding.
tr_0199	train	questions	Could we verify the results of the latest test before noon? The team has not received an update.
tr_0200	train	questions	Why has nobody confirmed the difference between these two plans yet? I need to make a decision soon.
tr_0201	train	numbers	Invoice 4101 totals $88.35, including 5% tax and a service fee of $3.20.
tr_0202	train	numbers	Flight AX212 leaves at 6:10 p.m. on March 8, 2027.
tr_0203	train	numbers	Call 202-555-0100, then enter extension 240 after the tone.
tr_0204	train	numbers	The container is 24.2 centimeters wide, 15 centimeters tall, and weighs 3.4 kilograms.
tr_0205	train	numbers	Software version 2.1.14 reduced the average delay from 360 to 180 milliseconds.
tr_0206	train	numbers	Deliver order 78006 to 106 King Street between 7:15 a.m. and 1:45 p.m.
tr_0207	train	numbers	At 6:20 a.m., the temperature was minus 3.5 degrees Celsius, then rose by 5 degrees.
tr_0208	train	numbers	Mix 1 and one-half cups of water with three-quarters of a cup of dry grain.
tr_0209	train	numbers	The first runner finished stage 12 in 38 minutes and 14 seconds.
tr_0210	train	numbers	Send case 9210 to support1@example.com, then visit https://example.com/help/1.
tr_0211	train	numbers	The survey included 1,250 responses, and 72.1% selected the first option.
tr_0212	train	numbers	Train R70 traveled at 58.5 miles per hour for 12 minutes before slowing down.
tr_0213	train	numbers	Invoice 4113 totals $100.47, including 6% tax and a service fee of $4.29.
tr_0214	train	numbers	Flight AX224 leaves at 7:19 p.m. on March 11, 2027.
tr_0215	train	numbers	Call 202-555-0101, then enter extension 257 after the tone.
tr_0216	train	numbers	The container is 27.3 centimeters wide, 17 centimeters tall, and weighs 4.5 kilograms.
tr_0217	train	numbers	Software version 3.2.15 reduced the average delay from 383 to 191 milliseconds.
tr_0218	train	numbers	Deliver order 78018 to 118 Sunset Boulevard between 8:15 a.m. and 2:45 p.m.
tr_0219	train	numbers	At 6:27 a.m., the temperature was minus 4.5 degrees Celsius, then rose by 6 degrees.
tr_0220	train	numbers	Mix 2 and one-half cups of water with three-quarters of a cup of dry grain.
tr_0221	train	numbers	The second runner finished stage 13 in 39 minutes and 17 seconds.
tr_0222	train	numbers	Send case 9222 to support2@example.com, then visit https://example.com/help/2.
tr_0223	train	numbers	The survey included 1,625 responses, and 75.2% selected the first option.
tr_0224	train	numbers	Train R71 traveled at 65.5 miles per hour for 16 minutes before slowing down.
tr_0225	train	numbers	Invoice 4125 totals $112.59, including 7% tax and a service fee of $5.38.
tr_0226	train	numbers	Flight AX236 leaves at 8:28 p.m. on March 14, 2027.
tr_0227	train	numbers	Call 202-555-0102, then enter extension 274 after the tone.
tr_0228	train	numbers	The container is 30.4 centimeters wide, 19 centimeters tall, and weighs 5.6 kilograms.
tr_0229	train	numbers	Software version 4.3.16 reduced the average delay from 406 to 202 milliseconds.
tr_0230	train	numbers	Deliver order 78030 to 130 Oak Street between 9:15 a.m. and 3:45 p.m.
tr_0231	train	numbers	At 6:34 a.m., the temperature was minus 5.5 degrees Celsius, then rose by 7 degrees.
tr_0232	train	numbers	Mix 3 and one-half cups of water with three-quarters of a cup of dry grain.
tr_0233	train	numbers	The third runner finished stage 14 in 40 minutes and 20 seconds.
tr_0234	train	numbers	Send case 9234 to support3@example.com, then visit https://example.com/help/3.
tr_0235	train	numbers	The survey included 2,000 responses, and 78.3% selected the first option.
tr_0236	train	numbers	Train R72 traveled at 72.5 miles per hour for 20 minutes before slowing down.
tr_0237	train	numbers	Invoice 4137 totals $124.71, including 8% tax and a service fee of $6.47.
tr_0238	train	numbers	Flight AX248 leaves at 9:37 p.m. on March 17, 2027.
tr_0239	train	numbers	Call 202-555-0103, then enter extension 291 after the tone.
tr_0240	train	numbers	The container is 33.5 centimeters wide, 21 centimeters tall, and weighs 6.7 kilograms.
tr_0241	train	numbers	Software version 5.4.17 reduced the average delay from 429 to 213 milliseconds.
tr_0242	train	numbers	Deliver order 78042 to 142 Pine Avenue between 10:15 a.m. and 4:45 p.m.
tr_0243	train	numbers	At 6:41 a.m., the temperature was minus 6.5 degrees Celsius, then rose by 8 degrees.
tr_0244	train	numbers	Mix 4 and one-half cups of water with three-quarters of a cup of dry grain.
tr_0245	train	numbers	The fourth runner finished stage 15 in 41 minutes and 23 seconds.
tr_0246	train	numbers	Send case 9246 to support4@example.com, then visit https://example.com/help/4.
tr_0247	train	numbers	The survey included 2,375 responses, and 81.4% selected the first option.
tr_0248	train	numbers	Train R73 traveled at 79.5 miles per hour for 24 minutes before slowing down.
tr_0249	train	numbers	Invoice 4149 totals $136.83, including 9% tax and a service fee of $7.56.
tr_0250	train	numbers	Flight AX260 leaves at 10:46 p.m. on March 20, 2027.
tr_0251	train	numbers	Call 202-555-0104, then enter extension 308 after the tone.
tr_0252	train	numbers	The container is 36.6 centimeters wide, 23 centimeters tall, and weighs 7.8 kilograms.
tr_0253	train	numbers	Software version 6.5.18 reduced the average delay from 452 to 224 milliseconds.
tr_0254	train	numbers	Deliver order 78054 to 154 Cedar Drive between 11:15 a.m. and 5:45 p.m.
tr_0255	train	numbers	At 6:48 a.m., the temperature was minus 7.5 degrees Celsius, then rose by 9 degrees.
tr_0256	train	numbers	Mix 5 and one-half cups of water with three-quarters of a cup of dry grain.
tr_0257	train	numbers	The fifth runner finished stage 16 in 42 minutes and 26 seconds.
tr_0258	train	numbers	Send case 9258 to support5@example.com, then visit https://example.com/help/5.
tr_0259	train	numbers	The survey included 2,750 responses, and 84.5% selected the first option.
tr_0260	train	numbers	Train R74 traveled at 86.5 miles per hour for 28 minutes before slowing down.
tr_0261	train	technical	The backup service stores encrypted records across three regions. This keeps the records available during maintenance.
tr_0262	train	technical	A compact neural network detects small changes in real time. The operator can inspect every detected change later.
tr_0263	train	technical	The optical sensor compares each measurement with a trusted baseline. As a result, fewer errors reach the final report.
tr_0264	train	technical	Our database cluster balances incoming work between available servers. This keeps the response fast and predictable.
tr_0265	train	technical	The navigation system restarts automatically after a brief interruption. The system remains available during maintenance.
tr_0266	train	technical	A secure authentication token expires after a fixed period. The authentication service rejects it after that point.
tr_0267	train	technical	The audio processing pipeline filters unwanted noise from the signal. This makes quiet speech easier to understand.
tr_0268	train	technical	This solar power controller maintains a stable output under heavy load. A manual override remains available at all times.
tr_0269	train	technical	The climate monitoring station reports unusual activity to the control center. The operator can inspect every alert later.
tr_0270	train	technical	A distributed message queue delivers tasks to available workers. Each task includes a precise timestamp.
tr_0271	train	technical	The backup service stores encrypted records across three regions. Encrypted replicas remain available if one region fails.
tr_0272	train	technical	A compact neural network detects small changes in real time. The design also reduces unnecessary processing.
tr_0273	train	technical	The optical sensor compares each measurement with a trusted baseline. The calibration method is easy to test and reproduce.
tr_0274	train	technical	Our database cluster balances incoming work between available servers. The cluster remains available during maintenance.
tr_0275	train	technical	The navigation system restarts automatically after a brief interruption. A manual override remains available at all times.
tr_0276	train	technical	A secure authentication token expires after a fixed period. The service checks the token before granting access.
tr_0277	train	technical	The audio processing pipeline filters unwanted noise from the signal. As a result, fewer artifacts reach the final recording.
tr_0278	train	technical	This solar power controller maintains a stable output under heavy load. This behavior is important for long-running tasks.
tr_0279	train	technical	The climate monitoring station reports unusual activity to the control center. The control center rejects measurements outside the safe range.
tr_0280	train	technical	A distributed message queue delivers tasks to available workers. This approach works even when bandwidth is limited.
tr_0281	train	technical	The backup service stores encrypted records across three regions. The operator can inspect every access event later.
tr_0282	train	technical	A compact neural network detects small changes in real time. The new method is easier to test and reproduce.
tr_0283	train	technical	The optical sensor compares each measurement with a trusted baseline. Each measurement includes a precise timestamp.
tr_0284	train	technical	Our database cluster balances incoming work between available servers. This approach works even when bandwidth is limited.
tr_0285	train	technical	The navigation system restarts automatically after a brief interruption. The operator can inspect every restart event later.
tr_0286	train	technical	A secure authentication token expires after a fixed period. This expiration policy is easy to test and reproduce.
tr_0287	train	technical	The audio processing pipeline filters unwanted noise from the signal. The processing remains stable during long-running tasks.
tr_0288	train	technical	This solar power controller maintains a stable output under heavy load. The system remains stable during scheduled maintenance.
tr_0289	train	technical	The climate monitoring station reports unusual activity to the control center. Each warning includes a precise timestamp.
tr_0290	train	technical	A distributed message queue delivers tasks to available workers. As a result, fewer tasks miss their deadline.
tr_0291	train	technical	The backup service stores encrypted records across three regions. No personal information is stored in plain text.
tr_0292	train	technical	A compact neural network detects small changes in real time. It flags values outside the expected range.
tr_0293	train	technical	The optical sensor compares each measurement with a trusted baseline. It rejects readings outside the safe range.
tr_0294	train	technical	Our database cluster balances incoming work between available servers. The operator can rebalance traffic manually at any time.
tr_0295	train	technical	The navigation system restarts automatically after a brief interruption. Each restart event includes a precise timestamp.
tr_0296	train	technical	A secure authentication token expires after a fixed period. Each expiration event includes a precise timestamp.
tr_0297	train	technical	The audio processing pipeline filters unwanted noise from the signal. This approach works even when bandwidth is limited.
tr_0298	train	technical	This solar power controller maintains a stable output under heavy load. The controller rejects voltages outside the safe range.
tr_0299	train	technical	The climate monitoring station reports unusual activity to the control center. The monitoring method is easier to test and reproduce.
tr_0300	train	technical	A distributed message queue delivers tasks to available workers. This keeps the response fast and predictable.
tr_0301	train	technical	The API returns a JSON response after validating the access token.
tr_0302	train	technical	A modern CPU can process several audio frames in parallel.
tr_0303	train	technical	Please open the URL and verify that the HTTPS certificate is valid.
tr_0304	train	technical	The GPS receiver lost its signal inside the underground garage.
tr_0305	train	technical	NASA published a PDF summary of the latest satellite mission.
tr_0306	train	technical	Connect the USB-C cable before starting the firmware update.
tr_0307	train	technical	The HTML page loads its CSS file from a separate server.
tr_0308	train	technical	Our AI model sends anonymized metrics to the monitoring dashboard.
tr_0309	train	technical	The FAQ explains how to reset a PIN without contacting support.
tr_0310	train	technical	An SSD usually opens large project files faster than a hard drive.
tr_0311	train	phonetic	Bright copper kettles clicked softly beside the thick wooden shelf.
tr_0312	train	phonetic	Victor packed five velvet jackets in a wide gray box.
tr_0313	train	phonetic	The cheerful judge chose a fresh peach and a jar of ginger.
tr_0314	train	phonetic	Quick waves washed shells and smooth stones across the shore.
tr_0315	train	phonetic	Zoe carefully zipped the beige travel pouch before breakfast.
tr_0316	train	phonetic	Three thin threads were woven through the leather strap.
tr_0317	train	phonetic	The young singer breathed slowly before reaching the highest note.
tr_0318	train	phonetic	Fresh coffee and warm waffles filled the kitchen with a sweet smell.
tr_0319	train	phonetic	George gently adjusted the fragile hinge with a narrow wrench.
tr_0320	train	phonetic	A noisy squirrel chased two blue jays through the orchard.
tr_0321	train	phonetic	The chef sliced crisp vegetables while the broth quietly simmered.
tr_0322	train	phonetic	Purple flowers grew between the rough bricks of the garden wall.
tr_0323	train	phonetic	William whispered that the weather would improve by Thursday.
tr_0324	train	phonetic	The silver train curved sharply around the frozen hillside.
tr_0325	train	phonetic	A tiny moth fluttered beneath the bright porch light.
tr_0326	train	phonetic	Grace brought fresh bread, strong cheese, and green grapes.
tr_0327	train	phonetic	The bronze bell rang twice across the crowded village square.
tr_0328	train	phonetic	Philip found a smooth shell near the edge of the marsh.
tr_0329	train	phonetic	The red truck splashed through a shallow patch of muddy water.
tr_0330	train	phonetic	Six brave hikers crossed the narrow wooden bridge at dawn.
tr_0331	train	phonetic	A black cat stretched lazily beside the warm kitchen stove.
tr_0332	train	phonetic	The quiet child drew a giant whale with purple chalk.
tr_0333	train	phonetic	Sharp winter winds shook the branches above the church.
tr_0334	train	phonetic	The friendly dentist explained why gentle brushing matters.
tr_0335	train	phonetic	A striped zebra watched the curious fox from across the field.
tr_0336	train	phonetic	The drummer struck a steady rhythm with both wooden sticks.
tr_0337	train	phonetic	Fresh snow covered every roof, fence, and parked bicycle.
tr_0338	train	phonetic	The small boat drifted beyond the bright green buoy.
tr_0339	train	phonetic	Rachel wrapped the fragile vase in several thick blankets.
tr_0340	train	phonetic	The brown dog jumped quickly over a fallen branch.
tr_0341	train	phonetic	Soft shadows moved across the wall as the candle flickered.
tr_0342	train	phonetic	The brave firefighter checked each hose before the drill.
tr_0343	train	phonetic	A cheerful crowd cheered when the final whistle sounded.
tr_0344	train	phonetic	The old clock chimed exactly as the theater doors opened.
tr_0345	train	phonetic	Heavy rain drummed against the glass throughout the night.
tr_0346	train	phonetic	The ship passed the sheep grazing near the deep blue sea.
tr_0347	train	phonetic	Luke pulled a full blue book from the wooden shelf.
tr_0348	train	phonetic	Dan set the red bag beside the black desk.
tr_0349	train	phonetic	We live near the green field, but we leave before evening.
tr_0350	train	phonetic	A rare bird circled near the old pier before disappearing.
tr_0351	train	expressive	You finished the report.
tr_0352	train	expressive	You finished the report?
tr_0353	train	expressive	You finished the report!
tr_0354	train	expressive	The package arrived this morning.
tr_0355	train	expressive	The package arrived this morning?
tr_0356	train	expressive	The package arrived this morning!
tr_0357	train	expressive	What an unexpected relief! It turned out that the missing keys were in my coat pocket.
tr_0358	train	expressive	We laughed about it for the rest of the day. Apparently, our team finished the project two days early!
tr_0359	train	expressive	Did you hear that we caught the last ferry just before it left the harbor? What a wonderful way to end the evening.
tr_0360	train	expressive	That was the best possible outcome! It turned out that a rainbow appeared above the dark clouds.
tr_0361	train	expressive	That news completely changed our plans. Apparently, the repaired radio suddenly began to play!
tr_0362	train	expressive	Did you hear that the surprise package arrived this morning? The whole room became suddenly quiet.
tr_0363	train	expressive	It was hard to believe we had missed something so obvious! It turned out that the trail was closed by a fallen tree.
tr_0364	train	expressive	It seemed disappointing at first. Apparently, everyone remembered the secret celebration!
tr_0365	train	expressive	Did you hear that the tiny plant produced its first flower? I honestly could not believe it.
tr_0366	train	expressive	I felt both surprised and grateful! It turned out that the ticket was still valid after all.
tr_0367	train	expressive	I wish we had discovered it sooner. Apparently, the lights returned just before dinner!
tr_0368	train	expressive	Did you hear that the dog had carried the newspaper indoors? For a moment, nobody knew what to say.
tr_0369	train	expressive	Everyone stopped and listened carefully! It turned out that the distant rumble was only a passing truck.
tr_0370	train	expressive	What an unexpected relief. Apparently, the old photograph showed the same house!
tr_0371	train	expressive	Did you hear that the concert ended with a beautiful quiet chord? We laughed about it for the rest of the day.
tr_0372	train	expressive	What a wonderful way to end the evening! It turned out that the missing keys were in my coat pocket.
tr_0373	train	expressive	That was the best possible outcome. Apparently, our team finished the project two days early!
tr_0374	train	expressive	Did you hear that we caught the last ferry just before it left the harbor? That news completely changed our plans.
tr_0375	train	expressive	The whole room became suddenly quiet! It turned out that a rainbow appeared above the dark clouds.
tr_0376	train	expressive	It was hard to believe we had missed something so obvious. Apparently, the repaired radio suddenly began to play!
tr_0377	train	expressive	Did you hear that the surprise package arrived this morning? It seemed disappointing at first.
tr_0378	train	expressive	I honestly could not believe it! It turned out that the trail was closed by a fallen tree.
tr_0379	train	expressive	I felt both surprised and grateful. Apparently, everyone remembered the secret celebration!
tr_0380	train	expressive	Did you hear that the tiny plant produced its first flower? I wish we had discovered it sooner.
tr_0381	train	short_status	Everything is ready now.
tr_0382	train	short_status	Please try that step again.
tr_0383	train	short_status	The connection has been lost.
tr_0384	train	short_status	Your audio file is ready.
tr_0385	train	short_status	Please check the delivery address.
tr_0386	train	short_status	The request was canceled.
tr_0387	train	short_status	Recording will begin shortly.
tr_0388	train	short_status	The update finished successfully.
tr_0389	train	short_status	No matching result was found.
tr_0390	train	short_status	Please wait for the signal.
tr_0391	train	short_status	The microphone is muted.
tr_0392	train	short_status	Your session has expired.
tr_0393	train	short_status	The download is almost complete.
tr_0394	train	short_status	Please enter a valid number.
tr_0395	train	short_status	The device is connected.
tr_0396	train	short_status	Something went wrong.
tr_0397	train	short_status	The message was sent.
tr_0398	train	short_status	Please choose another option.
tr_0399	train	short_status	The service is available again.
tr_0400	train	short_status	You may continue now.
va_0001	validation	held_out	The morning train arrived quietly while a light rain covered the platform before the station clock struck nine.
va_0002	validation	held_out	Could you verify the account number before sending the final confirmation and double-check the recipient's email address?
va_0003	validation	held_out	A narrow beam of sunlight crossed the floor and reached the blue cabinet near the entrance to the reading room.
va_0004	validation	held_out	The repair should cost $146.75 and take approximately three business days, including the time needed to obtain replacement materials.
va_0005	validation	held_out	Why did the navigation system choose the longer route through the valley instead of following the shorter highway?
va_0006	validation	held_out	Please leave the signed document with the receptionist on the third floor before the afternoon courier leaves the building.
va_0007	validation	held_out	The young actor paused, took a breath, and delivered the final line calmly.
va_0008	validation	held_out	Our appointment is at 9:35 a.m. on October 18, 2027.
va_0009	validation	held_out	Fresh basil, roasted garlic, and lemon gave the soup a bright flavor.
va_0010	validation	held_out	The API returned an HTTP 503 error, but the retry completed successfully.
va_0011	validation	held_out	What a strange coincidence! We selected exactly the same seat again.
va_0012	validation	held_out	A gentle breeze moved the white curtains beside the open window.
va_0013	validation	held_out	The package weighs 7.3 kilograms and measures 42 centimeters in length.
va_0014	validation	held_out	Would you read the street name aloud so I can enter it correctly?
va_0015	validation	held_out	The photographer waited until the clouds revealed the mountain peak.
va_0016	validation	held_out	Version 4.8.16 completed the task in 219 milliseconds.
va_0017	validation	held_out	Several bright fish moved beneath the surface of the shallow pond.
va_0018	validation	held_out	Please compare the printed label with the number shown on the screen.
va_0019	validation	held_out	The audience remained silent for a moment, then applauded with enthusiasm.
va_0020	validation	held_out	How much time do we have before the northern gate closes?
va_0021	validation	held_out	A compact filter removes background hum without damaging quiet consonants.
va_0022	validation	held_out	The final payment of $83.20 is due on February 6.
va_0023	validation	held_out	Rachel gently pushed the heavy drawer until the brass latch clicked.
va_0024	validation	held_out	Could the weather delay tomorrow evening's outdoor performance?
va_0025	validation	held_out	The museum displays a fragile compass beside several handwritten journals.
va_0026	validation	held_out	Call 202-555-0166 and ask for extension 304.
va_0027	validation	held_out	The tired traveler smiled when the familiar skyline appeared.
va_0028	validation	held_out	Please keep every original recording, even if a converted copy sounds cleaner.
va_0029	validation	held_out	Please open https://example.com/help and choose the audio settings page.
va_0030	validation	held_out	What a beautiful surprise to find fresh flowers waiting at the door!
va_0031	validation	held_out	The chef checked the sauce, lowered the heat, and covered the pan.
va_0032	validation	held_out	Our backup completed at 11:42 p.m. without reporting a single error.
va_0033	validation	held_out	A cheerful whistle echoed between the brick walls of the narrow alley.
va_0034	validation	held_out	Can you explain why this result differs from yesterday's measurement?
va_0035	validation	held_out	The green bicycle was parked beneath a flowering cherry tree.
va_0036	validation	held_out	Order 73184 will arrive between 2:15 and 4:45 on Wednesday.
va_0037	validation	held_out	The small sensor remained stable despite vibration, heat, and dust.
va_0038	validation	held_out	The verification code is no longer valid, so please request a new one.
va_0039	validation	held_out	Although the storm delayed the outdoor ceremony, the technicians protected every instrument and reopened the stage before the audience arrived.
va_0040	validation	held_out	Did anyone notice the silver key beside the folded newspaper?
te_0001	test	held_out	The courier placed a sealed envelope beside the old brass telephone.
te_0002	test	held_out	Why was the afternoon flight moved from gate 12 to gate 27?
te_0003	test	held_out	Please confirm that the replacement part matches the original drawing.
te_0004	test	held_out	The total comes to $294.60 after an 8% discount.
te_0005	test	held_out	A sudden gust scattered yellow leaves across the empty basketball court.
te_0006	test	held_out	Could you repeat the access code slowly, one digit at a time?
te_0007	test	held_out	The CPU usage dropped after the background indexing task completed.
te_0008	test	held_out	Our next review begins at 10:20 a.m. on March 14, 2028.
te_0009	test	held_out	The violin sounded warm and clear inside the small wooden room.
te_0010	test	held_out	What an incredible view! The entire coastline is visible from here.
te_0011	test	held_out	A careful technician measured the voltage before replacing the fuse.
te_0012	test	held_out	Call 212-555-0172 if the delivery has not arrived by Friday.
te_0013	test	held_out	The children watched three bright balloons drift above the rooftops.
te_0014	test	held_out	Would a later appointment make the journey easier for you?
te_0015	test	held_out	The final report contains 36 charts, 12 tables, and 4 appendices.
te_0016	test	held_out	Soft thunder rolled beyond the hills as the evening sky darkened.
te_0017	test	held_out	Your session will end in two minutes.
te_0018	test	held_out	The new encoder preserves quiet speech while reducing steady background noise.
te_0019	test	held_out	How did the blue suitcase end up behind the locked office door?
te_0020	test	held_out	A friendly neighbor brought warm bread and a jar of blackberry jam.
te_0021	test	held_out	The motor reached 2,450 revolutions per minute without overheating.
te_0022	test	held_out	Could we postpone the announcement until every participant has arrived?
te_0023	test	held_out	The narrow path curved through tall grass toward a quiet lake.
te_0024	test	held_out	Version 7.2.9 reduced memory use by 17.5 percent.
te_0025	test	held_out	What a relief! The missing document was attached to the earlier message.
te_0026	test	held_out	The glass sculpture reflected green, violet, and golden light.
te_0027	test	held_out	Please read invoice 80419 before approving the electronic payment.
te_0028	test	held_out	The API gateway recovered within 320 milliseconds of the outage.
te_0029	test	held_out	Why does this wooden box feel heavier than the metal one?
te_0030	test	held_out	A small crowd gathered as the street musician played the final melody.
te_0031	test	held_out	The reservation covers four guests from June 11 through June 14.
te_0032	test	held_out	Could you describe the difference between the rough and smooth samples?
te_0033	test	held_out	The patient guide explained each step in a steady, reassuring voice.
te_0034	test	held_out	Visit https://example.org/status and enter reference 67231.
te_0035	test	held_out	A bright flash was followed by a low rumble several seconds later.
te_0036	test	held_out	Please restart the router only after the green status light stops blinking.
te_0037	test	held_out	The laboratory recorded a pressure of 101.6 kilopascals.
te_0038	test	held_out	How wonderful to hear everyone laughing together again!
te_0039	test	held_out	After reviewing every measurement, the engineering team wrote a detailed summary and recommended three practical changes for the next production run.
te_0040	test	held_out	Did the quiet buzzing sound begin before or after the update?
